niche,company,website,business_email
info product creators,Automate faceless video creation with ai tools,https://www.facebook.com/groups/n8nbuilders/posts/937931105574768/,Khatriadnan2@gmail.com
info product creators,I built a fully custom-trained RAG AI Agent in *****under 5 ...,https://www.facebook.com/groups/aiautomationagency.aaa/posts/1536437387483005/,mersha14@gmail.com
info product creators,Faceless Tiktok AI Monetization System(Premium),https://www.facebook.com/groups/techtitansgroup/posts/1524225928904720/,Khatriadnan2@gmail.com
info product creators,Funnel Consultant Society - Annai Academy Online School,https://www.facebook.com/100070181685925/posts/dino-gomez-funnel-consultant-society-online-professional-course-annai-academy-fu/1096830432666336/,johnjustin27@gmail.com
info product creators,How to create a viral faceless t1ktok content/photoslide + ...,https://www.facebook.com/groups/2023342131335722/posts/2392550067748258/,Khatriadnan2@gmail.com
info product creators,Restricted Edits (@restrictededits) / Posts / X,https://twitter.com/restrictededits?lang=bn,RestrictedEdits@gmail.com
info product creators,Kam (@iKam11) / Posts / X,https://twitter.com/ikam11,ivantechinfo1@gmail.com
info product creators,Beau DeMayo (@BeauDemayo) / Posts / X,https://twitter.com/BeauDemayo,bkendemayo@gmail.com
info product creators,Suiika Customizable Model OUT NOW!,https://twitter.com/suiika___,suiikabusiness@gmail.com
info product creators,Kingston Ventura (@Kingstonventur),https://www.facebook.com/kingstonventur/,kingstonventura70@gmail.com
info product creators,High-Income Skills Anyone Can Learn | by Sokainakanwal,https://medium.com/@sokainakanwal1/high-income-skills-anyone-can-learn-502a75c6b47a,sokainakanwal1@gmail.com
info product creators,Most people post content that looks “okay”… But it doesn't get ...,https://www.instagram.com/reel/DL7i4vkqkh4/,ROMANADNAN1039@GMAIL.COM
info product creators,Experienced automation specialist for instagram ...,https://www.facebook.com/groups/1167482622031747/posts/1215763143870361/,gcarroll858@gmail.com
info product creators,Struggling to publish your journal on KDP at a reasonable cost? ...,https://www.instagram.com/reel/DTMlmK3grj-/,francisufiah@gmail.com
info product creators,Ma. Dativa Ampoloquio - White Geometric Secretary Resume,https://cdn5.f-cdn.com/files/download/268353729/ma-dativa-ampoloquio-resume.pdf,madativaampoloquio74@gmail.com
info product creators,Writing vs Speaking: The Power of Discernment in Communication,https://www.linkedin.com/posts/ericaholthausen_writing-and-speaking-work-very-well-together-activity-7421919012961304577-kh6t,inspiretolearnmore@gmail.com
info product creators,ahmed khaled | video edito @ahmedkhale86872 - Twitter Profile,https://mobile.twstalker.com/ahmedkhale86872,Viraledge30@gmail.com
course creators,The Ultimate Platform for Course Creators is here. https://www. ...,https://www.instagram.com/p/DOV7sMwE9yC/,instituteoftechexcellence@gmail.com
course creators,Suze Lake | AI Operations Strategist,https://www.instagram.com/p/DFiP25Fsxpt/,creativesolutions.suze@gmail.com
course creators,🚀 Important Question for Course Creators: Are you thinking ...,https://www.instagram.com/p/DK9f5ukqCiu/,ossaielizabeth89@gmail.com
course creators,"📚 Teachers, coaches & course creators—your lessons are ...",https://www.instagram.com/p/DN2KkD03rqv/,pakixtoo@gmail.com
course creators,Course Creators & Coaches - https://estoreera.gumroad. ...,https://www.instagram.com/p/DL08n8wvOAo/,keyclefproduction@gmail.com
course creators,"the kind that makes you share it, save it, or just come ...",https://www.instagram.com/p/DJ3rh37SvQi/,itssocialmia@gmail.com
course creators,Emily slejra wale - Academic writer /Customer acquisition ...,https://www.linkedin.com/in/emily-slejra-wale-046b68253,heyEmilywales@gmail.com
course creators,Ryan Custodio - I help course creators turn new email ...,https://ph.linkedin.com/in/ryan-custodio,ryanacustodio@gmail.com
course creators,Karim elazb‏ - ‏Digital Marketing & Media Buyer for Course ...,https://eg.linkedin.com/in/karim-elazb-89b521381,kemo01032678142@gmail.com
course creators,"Hello my amazing course creators, I'm Sharon, Website & ...",https://www.facebook.com/groups/onlinecoursecommunityfornewbiesandbeginners/posts/3546610908899958/,Sharon.LivingLifeWithPassion@gmail.com
course creators,Nitvei Studio - Virtual Assistant Services for Course Creators,https://www.facebook.com/nitveistudio/,anita.pravitasari.va@gmail.com
course creators,Online Course Creators Club (@OnlineCourseCreatorsClub),https://www.facebook.com/OnlineCourseCreatorsClub/,dr.laura.deangelis@gmail.com
course creators,Deeksha Bhargava (@deekshabhargav_) / Posts / X,https://twitter.com/deekshabhargav_?lang=gu,deekshabhargava15@gmail.com
course creators,theslowpitch (@theslowpitch) / Posts and Replies / X,https://twitter.com/theslowpitch/with_replies,musicstormpodcast@gmail.com
course creators,r/Courses,https://www.reddit.com/r/Courses/,antonyngigi288@gmail.com
course creators,Abdulmajeed Durojaiye - Email Copywriter,https://ng.linkedin.com/in/durojaiye-abdulmajeed,majiddurojaiye@gmail.com
course creators,Contact Me,https://www.persuasionmaven.com/contact,persuasionmaven@gmail.com
online business coaches,Feeling thankful to join an impactful Zoom session ...,https://www.instagram.com/p/DXN3ladkfJr/,patel.disha3011@gmail.com
online business coaches,If you were taking skills to acquire (either by learning how to ...,https://www.instagram.com/reel/DWz1MpzjZid/,Creatins@gmail.com
online business coaches,"John and Vikki Downey, The Best online Business Coaches",https://www.facebook.com/JohnandVikki/,thevikkidowney@gmail.com
online business coaches,Are you an Online Coach Still trying to Get your FIRST 5 ...,https://www.facebook.com/JasonGrossmanSurge/photos/-are-you-an-online-coach-still-trying-to-get-your-first-5-clients-i-put-this-fre/173494665528931/,myselfhamzanasir@gmail.com
online business coaches,Protecting time to build coaching business,https://www.facebook.com/groups/1097628144155616/posts/1797799570805133/,freshperks20@gmail.com
online business coaches,Mabelline Goh,https://www.facebook.com/mamagohdigital/posts/%F0%9D%97%A2%F0%9D%97%99%F0%9D%97%99%F0%9D%97%9C%F0%9D%97%96%F0%9D%97%9C%F0%9D%97%94%F0%9D%97%9F%F0%9D%97%9F%F0%9D%97%AC-%F0%9D%97%A7%F0%9D%97%AA%F0%9D%97%A2-%F0%9D%97%AC%F0%9D%97%98%F0%9D%97%94%F0%9D%97%A5%F0%9D%97%A6-%F0%9D%97%9C%F0%9D%97%A1-%F0%9D%97%95%F0%9D%97%A8%F0%9D%97%A6%F0%9D%97%9C%F0%9D%97%A1%F0%9D%97%98%F0%9D%97%A6%F0%9D%97%A6heres-a-little-secret-what-most-people-dont-real/406488498165973/,blainehans@gmail.com
online business coaches,Native English Business English Coach Wanted,https://www.facebook.com/groups/31737970668/posts/10158231850265669/,debateandgrowth@gmail.com
online business coaches,MMM NIGERIA,https://id-id.facebook.com/groups/1700359513622558/,benfinoe@gmail.com
online business coaches,Joseph Jang (@JungleJuiceLoL) / Posts / X,https://twitter.com/junglejuicelol?lang=el,joejang94@gmail.com
online business coaches,Andre Mayers (@WizardEstates) / Posts / X,https://twitter.com/wizardestates?lang=bg,king.zeus066@gmail.com
online business coaches,Reid T Sanders (@RTS_9) / Posts / X,https://twitter.com/RTS_9,Ottawabravesfootball@gmail.com
online business coaches,ChrisyCee90,https://twitter.com/chrisycee90?lang=bg,chrisycee90@gmail.com
fitness coaches,fitness coaches (@amdrfit) - aurelia + michael,https://www.instagram.com/amdrfit/,amdrfit@gmail.com
fitness coaches,Hello ! I'm looking for a fitness coach. Does anyone know ...,https://www.facebook.com/groups/secrettelaviv/posts/10155999494835943/,hl24fitolga@gmail.com
fitness coaches,"Dylan Bair, MS, RD (@DylanBair) / Posts / X",https://mobile.twitter.com/dylanbair?lang=bg,BairAesthetics@gmail.com
fitness coaches,Ciaran Wyse (@wyse_ciaran) / Posts / X,https://twitter.com/wyse_ciaran,RDFCavalry@gmail.com
fitness coaches,Fitness coaches are offering free virtual workouts,https://sentrywellness.com/Feeds/FeedDetails?feed=fd43504e-9d3b-4827-b813-de0c61fca4d6,mikayla.a.dombrowski@gmail.com
fitness coaches,MEET THE PERSONAL TRAINER: JESS,https://www.instagram.com/p/DUGpbydCKcm/,fitwithjess.pt@gmail.com
fitness coaches,BASE is hiring! We're looking for fitness coaches and ...,https://www.instagram.com/reel/DTZStSCD7u8/,ENGINELAB.TH@GMAIL.COM
fitness coaches,Ana Rizza - I help Fitness coaches attract clients and elevate ...,https://ph.linkedin.com/in/ana-rizza-8545a42b1,anarizzamanangat@gmail.com
fitness coaches,PERSONAL TRAINING PRICES: 30 mins = $50 1 Hr = $100 ...,https://www.instagram.com/p/DQHDc4NDcv6/,Mixupvisuals@gmail.com
mindset coaches,Contact me if you're ready to get started on your pro ...,https://www.instagram.com/p/DSva_0ED9br/,unite2wrestle@gmail.com
mindset coaches,I am a Virtual Assistant for mindset coaches. ...,https://www.instagram.com/p/CqaRaZrsv7f/,planey448@gmail.com
mindset coaches,Mental Performance Coach for Athletes ...,https://www.instagram.com/p/DXnEzoUD3tV/,ownyourgamepc@gmail.com
mindset coaches,I am a VA to mindset coaches. I look forward to connecting with ...,https://www.instagram.com/p/Csk-GIiMOz9/,planey448@gmail.com
mindset coaches,Don't let anyone tell you hard work is the secret to success. ...,https://www.instagram.com/p/DQr1YJBAJ7V/,Jakesmvmt@gmail.com
mindset coaches,One of our anchor partners is actively ...,https://www.instagram.com/p/DXfKLklj1yR/,wrestlingihw@gmail.com
mindset coaches,Mindset coaches for young athletes?,https://www.facebook.com/groups/wlagcommunity/posts/4431755967058975/,winyourmindset@gmail.com
mindset coaches,Looking for an entrepreneur mindset coach,https://www.facebook.com/groups/418729424970229/posts/2147985245377963/,healthcoachrhea@gmail.com
mindset coaches,Matt Schultz (@MattJJSchultz) / Posts / X,https://mobile.twitter.com/MattJJSchultz,peterlewisart@gmail.com
mindset coaches,Importance Of Glp1 In Diabetes And Weightloss ...,https://paediatricaindonesiana.org/plugins/generic/pdfJsViewer/pdf.js/web/viewer.html?file=%2Findex.php%2Findex%2Flogin%2FsignOut%3Fsource%3D%2Efeelcools%2Ecom%2Fvideos%2F&id=k_importance-of-glp1-in-diabetes-and-weightloss-sanjeevaniclinictips-bodymorphic,healthcare.evolve@gmail.com
mindset coaches,Find a Mental Coach - Gold Medal Mental Toughness,https://goldmedalmentaltoughness.com/find-a-mental-coach/,jonineidigh@gmail.com
mindset coaches,Hiring Mindset Coaches + Non-Wrestling Mental Training -,https://www.facebook.com/WrestlingMindset/posts/hiring-mindset-coaches-non-wrestling-mental-training-/904250887731302/,Watkinstrained@gmail.com
mindset coaches,Highstakes PLO5 PLO6 Coaching / Game Deals / Champion ...,https://forumserver.twoplustwo.com/290/coaches-amp-schools/highstakes-plo5-plo6-coaching-game-deals-champion-mindset-1849098/,pangoliersdreams@gmail.com
relationship coaches,Relationships are NOT as complicated as people make ...,https://www.instagram.com/p/DXMvOZtDlQF/,sunlightifecoaching@gmail.com
relationship coaches,Raymond Mahlalela (@raymondmahlalel),https://www.instagram.com/raymondmahlalel/,raymondmahlalel@gmail.com
relationship coaches,Matthew & Joanna Raabsmith | Relationship Coaches | We’ve ...,https://www.instagram.com/reel/DN4SfAyDX-f/,transformativemarriage@gmail.com
relationship coaches,"1. Graced for Love Relationship,Marriage and Family Coaching ...",https://www.instagram.com/p/DU80MutEjK3/,gracedforlove@gmail.com
relationship coaches,#ily #coaching #relationships #relatable When a shadow ...,https://www.instagram.com/p/DV6rO8LkzQa/,LisaFalconeCoach@gmail.com
relationship coaches,Relationship Coach | Are you happy with your life and ...,https://www.instagram.com/p/DXrf3c7DJXW/,cgwcinfo@gmail.com
relationship coaches,"Lowkey, healthy relationships will challenge you more than ...",https://www.instagram.com/p/DSIr5Fmj_x6/,brainymonk001@gmail.com
relationship coaches,Kaushik Bhar - Email Copywriter,https://in.linkedin.com/in/kaushik-bhar-99542b2b3,kaushikdehlavi@gmail.com
relationship coaches,Garden of Life Coaching and Healing - Relationship ...,https://ca.linkedin.com/in/garden-of-life-coaching-and-healing-relationships,gardenoflifecoaching@gmail.com
relationship coaches,"Who are my relationship coaches here? Dating, during, ...",https://www.facebook.com/groups/6figurecoachesgrowing/posts/8959608494095591/,bryandejustin@gmail.com
relationship coaches,Name drop me the top 5 relationship coaches you would ...,https://www.facebook.com/groups/1097628144155616/posts/1985804472004641/,MORETHANAWOMAN2ME@GMAIL.COM
relationship coaches,Business and relationship coaches,https://www.facebook.com/groups/2141454752849625/posts/4351803905148021/,ashcroftcoach@gmail.com
relationship coaches,The Secure Relationship,https://www.facebook.com/thesecurerelationship/posts/introducing-my-relationship-coaches-who-specialize-in-attachment-theory-while-my/355638580023503/,crossroadscouplescoaching@gmail.com
relationship coaches,The Navidaters (@thenavidaters) / Posts / X,https://twitter.com/thenavidaters?lang=bg,navidaters@gmail.com
relationship coaches,As a seasoned relationship coach and infidelity recovery ...,https://www.facebook.com/QasimRafiqueRelationshipExpert/posts/as-a-seasoned-relationship-coach-and-infidelity-recovery-practitioner-i-craft-a-/1454680306225858/,Danielle@loveisaverbcounseling.com
relationship coaches,Marriage Counseling Online,https://www.lifebridgecoaching.com/marriage-counseling-online,johnweimancplc@gmail.com
relationship coaches,As a seasoned relationship coach and infidelity recovery ...,https://www.facebook.com/QasimRafiqueRelationshipExpert/posts/as-a-seasoned-relationship-coach-and-infidelity-recovery-practitioner-i-craft-a-/1454679126225976/,thea@sexandrelationships.me
relationship coaches,About | Jane Parker Relationship Coaching | UK,https://www.janeparkerrelationshipcoach.co.uk/about,janeparkercoach@gmail.com
relationship coaches,Lindsay Czarniak's post,https://www.facebook.com/lindsayczarniak/posts/from-marriage-to-dating-to-intimacy-and-everything-in-between-relationship-scien/1420986232721792/,thea@sexandrelationships.me
relationship coaches,Certified Rules Dating and Relationship Coaches ...,https://therulesbook.com/coaches/,nymphea.tr@gmail.com
consultants transitioning to digital products,Romaa Amarnnanii - Marketer Transitioning to Product,https://in.linkedin.com/in/romaaamarnnanii,romaamarnani@gmail.com
consultants transitioning to digital products,Expert Trusted Digital Transformation Consulting Contact,https://optifyllc.com/digital-transformation-consulting-contact/,contact@optifyllc.com
smma owners productizing services,Nevena Jovanovic's FAST client acquisition with Local ...,https://www.facebook.com/jdcaprani/posts/hustling-hard-for-momentum-nevena-jovanovics-fast-client-acquisition-with-local-/2179016989269530/,thefranciscaoma@gmail.com
personal branding experts,Don't miss this opportunity to learn from 2 dynamic Image and ...,https://www.instagram.com/p/DNG7CCepIdG/,themarqueragency@gmail.com
personal branding experts,Want to Build a Powerful Personal Brand? 💡 It's not just ...,https://www.instagram.com/p/DOWABfuj-ZI/,Levelupbullz@gmail.com
personal branding experts,Your brand is a personality. Is it the trusted expert? ...,https://www.instagram.com/p/DOF2NeUDWpe/,virtualbusinssasists1@gmail.com
personal branding experts,"that's the power of personal branding. Be visible, get ...",https://www.instagram.com/p/DXfU5_LCOLe/,solutionivar@gmail.com
personal branding experts,Meet @zinnystyles; *Image Consultants extraordinaire *Etiquette ...,https://www.instagram.com/p/CiaExBmte8G/,zinnystyles@gmail.com
personal branding experts,Most people think personal branding is about visibility. It's ...,https://www.instagram.com/p/DWx4bKcgULq/,beyourbrandnow@gmail.com
personal branding experts,Want to know a little bit more about who's behind the brand ...,https://www.instagram.com/p/DQvxs-WiljO/,sunshinesallymedia@gmail.com
personal branding experts,Tushar Vakt - I teach founders how to build brands through ...,https://in.linkedin.com/in/tusharvakt,vakttushar@gmail.com
personal branding experts,RAGUL CHANDRASHEKHAR - PhotoShelter,https://in.linkedin.com/in/ragul-chandrashekhar-a507a2255,getragul@gmail.com
personal branding experts,Ashok M - BORN Group,https://in.linkedin.com/in/ashok-m-770a4323,m.ashokmam@gmail.com
personal branding experts,Is there a branding expert who can assist with personal ...,https://www.facebook.com/groups/graphicdesignhelppoint/posts/3761722204074144/,augustmartha831@gmail.com
personal branding experts,Anybody is a post grad student who did Management ? ...,https://www.facebook.com/groups/280716235686021/posts/1293053474452287/,feiraazb6@gmail.com
personal branding experts,Research topics for marketing management specialization?,https://www.facebook.com/groups/mextscholarship/posts/1361248542385257/,ayeshahafeez111@gmail.com
personal branding experts,Karthik 🇮🇳 (@beastoftraal) / Posts and Replies / X,https://twitter.com/beastoftraal/with_replies,kart75@gmail.com
personal branding experts,Ghulam Qasim (@qasim_shamsi) / Posts / X,https://twitter.com/qasim_shamsi,qs2240008@gmail.com
personal branding experts,Jahid Hasan Shipu (@jahidhasansbd) / Posts / X,https://twitter.com/jahidhasansbd?lang=bn,jhshipubd@gmail.com
personal branding experts,"On today's episode of She Means Business, we talk about the ...",https://www.facebook.com/CitizenTVKe/posts/on-todays-episode-of-she-means-business-we-talk-about-the-business-side-of-fashi/1336096304542374/?locale=sw_KE,SheMeansBusinessMedia@gmail.com
personal branding experts,manual for inexperienced job seekers with a visual ...,https://www.euroblind.org/sites/default/files/documents/ebu_manual_for_inexperienced_job_seekers_with_a_visual_impairment.docx,vanessacascio87@gmail.com
personal branding experts,#suratcity #suratsmartcity #suratfood,https://www.instagram.com/reel/DXryEDeATGA/,balajicmyk23@gmail.com
linkedin creators monetizing audience,Lohanny Santos - Actor and Social Media Content Creator,https://www.linkedin.com/in/lohannysantos,Lohanny.o.santos@gmail.com
linkedin creators monetizing audience,Why You're Attracting the Wrong Audience on LinkedIn,https://www.linkedin.com/posts/imtisalmehmood_why-youre-attracting-the-wrong-audience-activity-7316065882147848192-c4sO,msverma2608@gmail.com
youtube educators,Teach Like Top Educators With Pro Studio Setup ...,https://www.instagram.com/p/DYFMGdmCT4d/,studiouslab1@gmail.com
youtube educators,"If you have music hosted on Spotify, you can see what ...",https://www.instagram.com/p/DUOmNBVlRiL/,elliemaymaternity@gmail.com
youtube educators,"Communication is the key, but listening is the lock. 🔑👂🏾 ...",https://www.instagram.com/reel/DXozNtHm7nJ/,Lmsconsultingwithyou@gmail.com
youtube educators,🚀 Launch Your Own Online Learning Platform Today! Looking to ...,https://www.instagram.com/p/DVQpSUlkYyO/,onlinedigitalhub981@gmail.com
youtube educators,Unhealthy Ways of Communication. We learnt language ...,https://www.instagram.com/p/DXZqyGBDfxz/,coachyemisimak@gmail.com
youtube educators,कम Budget में एक अच्छा Teaching Studio Setup| Educational ...,https://www.instagram.com/reel/C6lc8aLJul0/,creatorsnamaste@gmail.com
youtube educators,Lokesh G. - I make memes and write posts,https://in.linkedin.com/in/lokeshgaikwad,lokeshgaikwad.work@gmail.com
youtube educators,Kuldeep Wadiya - Python & AI Prompting,https://in.linkedin.com/in/kuldeep-wadiya-16a841317,shrikuldeepwadiya@gmail.com
youtube educators,Now on the official TEDx YouTube channel : https://youtu. ...,https://www.facebook.com/tedxrizalstreet/posts/now-on-the-official-tedx-youtube-channel-meet-the-risk-takers-the-rule-breakers-/599048659919530/,DCDeltaSoror@gmail.com
youtube educators,Bradley University,https://www.facebook.com/BradleyUniversity/posts/more-than-just-conversations-tedxbradley-university-was-the-start-of-real-change/1228796042623141/,Bstrakabooking@gmail.com
youtube educators,Andrew Kan (@AndrewKanFilm),https://www.facebook.com/AndrewKanFilm/,andrewk.film@gmail.com
youtube educators,Fifth TedX talk in five years. 5/5 🌱 Encouraging youngsters ...,https://www.facebook.com/peepalbaba/posts/fifth-tedx-talk-in-five-years-55-encouraging-youngsters-to-take-charge-lead-and-/937702968114560/,peepalbaba@gmail.com
youtube educators,Novel Ninja Freelance Editing (@NovelNinja),https://www.facebook.com/NovelNinja/,thenovelninja@gmail.com
youtube educators,Grig Kotronoulas (@nursGK704) / Posts / X,https://twitter.com/nursgk704?lang=bg,editorson2@gmail.com
youtube educators,Youtube Educators - Radiant Promises,https://radiantpromises.net/collections/youtube-educators?srsltid=AfmBOorK81X2VWXTOP_G4EYuYJ9wFuynZ-gBoX_-NQpRoyBnKV538_PS,RadiantPromisesArt@gmail.com
youtube educators,Character Performers – RadiantPromises,https://radiantpromises.net/?srsltid=AfmBOor_TyvECIEajSe_0_p-4c7V3zwV1obzLKjlm__jCJXz5RIzSn7R,RadiantPromisesArt@gmail.com
youtube educators,About,http://www.codebind.com/about/,sp1571995@gmail.com
newsletter operators launching paid offers,LPT: Add a site's name after your Gmail address to track ...,https://www.reddit.com/r/LifeProTips/comments/efb5dz/lpt_add_a_sites_name_after_your_gmail_address_to/,john.doe+amazon@gmail.com
digital marketing freelancers,FREELANCE OPPORTUNITY FOR DIGITAL MARKETERS ...,https://www.instagram.com/p/DX1EqCjFC4l/,brandliftsolutions0@gmail.com
digital marketing freelancers,Not just marketing — we build empires. Turn your skills into ...,https://www.instagram.com/p/DXGIZbok7Rm/,Masterugarsenverma@gmail.com
digital marketing freelancers,We're Looking for Digital Marketing freelancers with min of 1 to 3 ...,https://www.instagram.com/p/CksGMrXLrOX/,jobs.siewtechnologies@gmail.com
digital marketing freelancers,Calling all digital marketing freelancers! If you work in ...,https://www.instagram.com/p/DVvz644iYpd/,shrikrishnaagarwalji@gmail.com
digital marketing freelancers,Bring SEO: No.1 Digital Marketing Freelancer (@bring_seo),https://www.instagram.com/bring_seo/,seobring@gmail.com
digital marketing freelancers,"Comment ""CLIENT"" below and I'll DM you my ...",https://www.instagram.com/p/DXJ8uNJCcUI/,contactdanlelocreates@gmail.com
digital marketing freelancers,"What's inside the Freelance Business Academy? Frankly, ...",https://www.instagram.com/p/DUnwOExjYHu/,thepurplepoet1@gmail.com
digital marketing freelancers,Unlock the full power of digital marketing — from SEO to ...,https://www.instagram.com/p/DR30w3cDBzC/,Nexstepadigital@gmail.com
digital marketing freelancers,Harsh Saini - Digital marketing Contact-7457896904 Email ...,https://in.linkedin.com/in/harsh-saini-998899323,Email-hs3028382@gmail.com
digital marketing freelancers,Pooja ... - Digital Marketer || Business Provider || Helping ...,https://in.linkedin.com/in/pooja-0a8306267,socialpoojagupta@gmail.com
digital marketing freelancers,Katherine Thomson - Revupspace Digital Marketing and IT ...,https://in.linkedin.com/in/katherine-thomson-a96118286,revupspace@gmail.com
digital marketing freelancers,Kanak Arora - Work From Home Provider | Digital Marketer,https://in.linkedin.com/in/kanak-arora-622b29285,knkarora.19@gmail.com
digital marketing freelancers,Anuj Kumar - #entrepreneur share your resume on royanuj582 ...,https://in.linkedin.com/in/anuj-kumar-9152b125a,royanuj582@gmail.com
digital marketing freelancers,Uday Baranda - Own Business | Digital Marketing,https://in.linkedin.com/in/udayaffiliatee,UdayBaranda@gmail.com
digital marketing freelancers,Syed Shabbar - Digital Marketing Executive & AI Trainer,https://in.linkedin.com/in/syed-shabbar-536840167,ssyyeeddii121@gmail.com
digital marketing freelancers,Digital Marketing Freelancers | Vijayawada,https://www.facebook.com/DigitalMarketingfreelancerss/,digitalmarketingfreelancerss@gmail.com
digital marketing freelancers,Digital Marketing Freelance Projects,https://www.facebook.com/groups/digitalmarketingfreelanceprojects/,ashtami011@gmail.com
digital marketing freelancers,ADWEAK (@adweak) / Posts / X,https://twitter.com/adweak,adweakeditor@gmail.com
digital marketing freelancers,Sonia Weiser weischoice.bsky.social,https://mobile.twitter.com/weischoice?lang=ja,sdweiser@gmail.com
digital marketing freelancers,Dmfort (@Dmfort2) / Posts / X,https://twitter.com/dmfort2,dmfort007@gmail.com
digital marketing freelancers,Best Digital Marketing Freelancer in Surat|Deep Digital Desk,https://deepdigitaldesk.com/,deepdigitaldesk@gmail.com
digital marketing freelancers,Mohammed Fayiz | Digital marketing freelancer in Mumbai,https://mhdfayiz.com/,mhdfayizq@gmail.com
digital marketing freelancers,Bhramar Toltia - I help creators build high performing ...,https://in.linkedin.com/in/bhramar-toltia-087b2429a,bhramartoltia961@gmail.com
digital marketing freelancers,Top Digital Marketing Agency Near Me | Results-Driven ...,https://digitalmarketingworld.42web.io/,gregoryjohndaivakripa@gmail.com
digital marketing freelancers,My Blog: Home,http://capstudio.rf.gd/,akhil.k8086@gmail.com
copywriters launching their own courses,Grace Ventura - Content Writer | Web Writer | Blog Writer,https://www.linkedin.com/in/graceaventura,graceventurawrites@gmail.com
copywriters launching their own courses,"Lynn Ede - Copywriter, Social Media marketing, Illustrator ...",https://uk.linkedin.com/in/lynnede,LynnEdeTog@gmail.com
copywriters launching their own courses,Course launch copywriting services available,https://www.facebook.com/groups/bizwomanminded/posts/2261382067937009/,mosesolwal@gmail.com
affiliate marketers wanting owned products,Robert adams - Affiliate Marketing Specialist,https://www.linkedin.com/in/robert-adams-925461185,robertsnetwork1@gmail.com
saas founders building educational ecosystems,Jeff Weinstein (@jeff_weinstein) / Posts / X,https://twitter.com/jeff_weinstein,jweinstein@gmail.com
saas founders building educational ecosystems,How to build a SaaS company in Hyderabad: Kiran Darisi ...,https://www.linkedin.com/posts/siddharthaahluwalia_in-the-early-2000s-hyderabad-was-mostly-activity-7371814762814324738-FE8T,gurucharan.rani@gmail.com
ai automation agency owners,"Hey everyone, I recently started my AI automation agency ...",https://www.facebook.com/groups/agenticly/posts/1301628504731549/,devjobsoffer@gmail.com
ai automation agency owners,AI Art Universe,https://www.facebook.com/groups/aiartuniverse/posts/781985273566709/,airevolutiondoc@gmail.com
ai automation agency owners,Who is good at AI automation for business email marketing?,https://www.facebook.com/groups/1849865308431914/posts/23960347013623760/,tkh153@gmail.com
ai automation agency owners,Looking for a possible partnership. I am ...,https://www.facebook.com/groups/AILabPage/posts/25120386670915314/,infosyedali56@gmail.com
ai automation agency owners,I and looking to help with Ai Automation and Ai agent ...,https://www.facebook.com/groups/641559818473198/posts/683848077577705/,devjobsoffer@gmail.com
ai automation agency owners,How to find an AI expert for business automation and ...,https://www.facebook.com/groups/698593531630485/posts/1314530790036753/,tkh153@gmail.com
ai automation agency owners,Agency Owners: We're going to interview experts in Ai ...,https://www.facebook.com/groups/copywritersandcontentwriters/posts/1896167370852314/,tkh153@gmail.com
crypto influencers launching academies,2 Brains and one body… works out for UGC.. I can adapt ...,https://www.instagram.com/p/DXut5oSEnth/,UGC.edgar@gmail.com
crypto influencers launching academies,Steph Mui (@stephmui) / Posts / X - Twitter,https://twitter.com/stephmui?utm_source=stephmui.beehiiv.com&utm_medium=newsletter&utm_campaign=how-to-negotiate-with-vcs&_bhlid=7403e5b351642f623cd3ec29e06b543011e903e5,justiceforvicha@gmail.com
crypto influencers launching academies,Danish Zehen (@DanishZehenDmg) / Posts / X - Twitter,https://twitter.com/DanishZehenDmg,danishzehen@gmail.com
crypto influencers launching academies,Eli Eyal's Post - nft #giraffesofstamina #blockchain,https://www.linkedin.com/posts/eli-eyal-a187853_nft-giraffesofstamina-blockchain-activity-7051210425316630528-tGw3,Openseahelpdeskcentre@gmail.com
real estate coaches,Tanner Helm | Boise Real Estate | Growth Coach,https://www.instagram.com/p/DXQC5Asj1Z4/?img_index=2&__d=1%E6%83%85%E6%8A%A5%E5%B1%80%E9%80%9A%E8%BF%87%E5%BE%AE%E4%BF%A1%E6%94%B6%E6%AC%BE%E7%A0%81%E5%8F%8D%E6%9F%A5%E4%B8%AA%E4%BA%BA%E5%AE%9E%E5%90%8D%E8%AE%A4%E8%AF%81%E4%BF%A1%E6%81%AF%2C%E6%9C%80%E5%AE%89%E5%BF%83%E7%9A%84%E7%B3%BB%E7%BB%9F%E7%BB%B4%E6%8A%A4%E6%9F%A5%E8%AF%A2%E9%85%92%E5%BA%97%E5%BC%80%E6%88%BF%E5%90%8C%E4%BD%8F%E4%BA%BA%E2%9C%94%EF%B8%8Fkaifangma.com,mschocron@gmail.com
real estate coaches,we collaborate. 🩷Real estate is better when women lift ...,https://www.instagram.com/p/DQvTBjMDZU2/,zaragozamichele@gmail.com
real estate coaches,Last week on the Leader's Edge Leaders weekly Real ...,https://www.instagram.com/p/DWhA6EBEX0n/?__d=1impressum,_art@gmail.com
real estate coaches,I'm honored to begin coaching with one of the top real ...,https://www.instagram.com/p/DNrCZ465GI1/,Realtorc.bahige@gmail.com
real estate coaches,𝗧𝗵𝗶𝗻𝗸 𝗼𝗳 𝘂𝘀 𝗮𝘀 𝘆𝗼𝘂𝗿 𝗿𝗲𝗮𝗹 𝗲𝘀𝘁𝗮𝘁𝗲 𝗰𝗼𝗮𝗰𝗵𝗲𝘀. We ...,https://www.instagram.com/p/DVQ8RSxFWUB/,sheilacuadros@gmail.com
real estate coaches,Our Mentorship Program is designed keep new realtors ...,https://www.instagram.com/p/DWpI193lHfN/,exitrealestateexperts@gmail.com
real estate coaches,Lea F. - Head of Member Success | Client & Customer ...,https://www.linkedin.com/in/lea-frances,leafrances.ghl@gmail.com
real estate coaches,Akidul Islam - | Freelance Lead Generation Specialist | B2B Leads,https://bd.linkedin.com/in/akidul-islam-b1a8a9285,akidul5550m@gmail.com
real estate coaches,Debra Faris - Making a Difference for Seniors over 62 with ...,https://www.linkedin.com/in/debrafaris,Debra.Faris@gmail.com
real estate coaches,"Hello, I'm Deroshani and something to know about me is, ...",https://www.facebook.com/groups/therealestateagentreferralnetwork/posts/1281541639380584/,lornadeshotel21@gmail.com
real estate coaches,Who here coaches real estate agents/teams?,https://www.facebook.com/groups/752442670115152/posts/1322970433062370/,ElevateNowCoach@gmail.com
real estate coaches,Felicia Marshall (@FeliciaMarsha10) / Posts / X,https://twitter.com/feliciamarsha10?lang=eu,amybritt01@gmail.com
real estate coaches,Joshua “JT” Shaw (@JoshuaTShaw15) / Posts / X,https://twitter.com/JoshuaTShaw15,jtshawnil@gmail.com
real estate coaches,"If you are a new real estate agent, existing agent, mentor, coach ...",https://www.instagram.com/p/DWr3c-WEVcO/,radiantliving888@gmail.com
real estate coaches,Meet the Katina Hunter Team,https://katinahunter.net/team-bio,hereandhappytohelp@gmail.com
real estate coaches,11 Things A Real Estate Coach Can Help You With,https://www.trillionpb.com/2024/10/31/11-things-a-real-estate-coach-can-help-you-with/,JasonMarcantonio@gmail.com
real estate coaches,Dustin Brohm - Massive Agent Podcast & Real Estate Agent ...,https://www.instagram.com/reel/DPFHwrzkVlO/,anahooker@dicksonrealty.com
forex trading mentors,Click the link @aboubasheer to join the free signal group ...,https://www.instagram.com/reel/DJAFkVzIW2L/,Aabash1110@gmail.com
forex trading mentors,William Olunuga - Aspiring Financial (Forex) Trader,https://uk.linkedin.com/in/william-olunuga-839964391,willolunugaa@gmail.com
forex trading mentors,obenobe nicholas - Forex trading investment,https://ng.linkedin.com/in/obenobe-nicholas-34b886259,cryptocurrencyinvestment.fx8@gmail.com
forex trading mentors,Appreciation for mentor in forex trading,https://www.facebook.com/groups/182830458188969/posts/791551547316854/,anabiyafatima.forextradingchk@gmail.com
forex trading mentors,Expats beware of this fake Forex broker working in North ...,https://www.facebook.com/groups/WeLoveCyprus/posts/2377703532417959/,Investorsafetyalliance@gmail.com
forex trading mentors,Scam Alert: Savvy Forex Academy and Bonuedie Derek,https://www.facebook.com/groups/firstghananews/posts/10162929498092386/,savvyforexacademy@gmail.com
forex trading mentors,#GovNL is advising the public about an email scam ...,https://www.facebook.com/GovNL/posts/govnl-is-advising-the-public-about-an-email-scam-regarding-fraudulent-investment/1310138707350771/,jonacarter0147@gmail.com
forex trading mentors,Raising Millionaires After COVID-19 FFI INVESTMENT LTD ...,https://www.facebook.com/MimiMefoInfo/posts/raising-millionaires-after-covid-19ffi-investment-ltd-in-partnership-with-first-/3193481850696370/,nasdaqgodvkiller@gmail.com
forex trading mentors,Top 5 scammers in the forex industry: 1. Ref Wayne 2. Dj ...,https://www.facebook.com/groups/204026464861740/posts/817656023498778/,jasonlawj10@gmail.com
high ticket closers building personal brand offers,Marcelo Ackermann - High Ticket Setter/Closer looking to ...,https://www.linkedin.com/in/marcelo-ackermann-736792265,mackermann1015@gmail.com
high ticket closers building personal brand offers,Sean Bernard - High Ticket Closer Committed To Tripling ...,https://www.linkedin.com/in/seanrbernard,highcalibercloser@gmail.com
high ticket closers building personal brand offers,Hiring High-Ticket Closers (Remote) Commission-Only,https://www.facebook.com/groups/267330199599984/posts/865555829777415/,highticketappointmentsetterclo@gmail.com
corporate trainers going independent,They said I couldn't. Now I train others and earn what ...,https://www.instagram.com/reel/DOtkJHDko98/,jasneetthecorporatetrainer@gmail.com
corporate trainers going independent,Mary S. Baker - Customer Centric Training & Development ...,https://www.linkedin.com/in/marysbaker,marysbaker1@gmail.com
corporate trainers going independent,Matthew Rehwoldt (@DramaKingMatt) / Posts / X,https://twitter.com/DramaKingMatt,DramaKingMatt@gmail.com
corporate trainers going independent,Who can be trainers? Anyone who love,https://www.instagram.com/p/DPBZXNQDjms/,pankhuri@auraaimage.com
hr trainers selling digital programs,Jane Crisler - Over 20000 executive and career coaching ...,https://www.linkedin.com/in/janecrisler,jecrisler@gmail.com
hr trainers selling digital programs,Paul Upton - Want to get to your next Career Level? Or into ...,https://www.linkedin.com/in/paulupton-leaderup,Leaderup.Program@gmail.com
hr trainers selling digital programs,Tatiana Baroni - Talent Acquisition Program Manager,https://www.linkedin.com/in/tatiana-baroni,tatibaroni@gmail.com
hr trainers selling digital programs,Hello! We are currently looking for a training provider who ...,https://www.facebook.com/groups/815478802381014/posts/1958630418065841/,rgmcgroup@gmail.com
hr trainers selling digital programs,Looking for training provider for digital marketing and ai,https://www.facebook.com/groups/218501218217869/posts/25730982123209761/,niknuraisyah.work@gmail.com
spiritual coaches and healers,"Now that youre ready for the next steps, begin calling ...",https://www.instagram.com/p/DXMyxEkEeE5/,Heavenslightangel369@gmail.com
spiritual coaches and healers,"Becky Harmon - Coach, Speaker, Author of 4 Phases ...",https://www.linkedin.com/in/boldidentity,Becky4liberty@gmail.com
spiritual coaches and healers,Maria Palma Smith - Catholic Life Coach,https://www.linkedin.com/in/maria-palma-smith-364459250,mariapalmasmith@gmail.com
spiritual coaches and healers,I am co-editing a book focused on Spiritual Coaching ...,https://www.facebook.com/groups/haacommunity/posts/821657115111887/,Omnigal@gmail.com
spiritual coaches and healers,Holistic health platform for practitioners,https://www.facebook.com/groups/492612044717607/posts/1915184839126980/,shivshiv1122@gmail.com
spiritual coaches and healers,"Hi everybody, I am creating a self-care game called Spirit ...",https://www.facebook.com/groups/1097628144155616/posts/1891844738067282/,courageouslywell@gmail.com
spiritual coaches and healers,Hello everyone! My name is Jessica and I'm ...,https://www.facebook.com/groups/122717271192346/posts/3816544365142933/,betsypadilla@gmail.com
spiritual coaches and healers,Kevin Trudeau Teachings,https://www.facebook.com/KevinTrudeauTeachings/posts/-unlock-the-secrets-of-personal-mastery-course-esp-extrasensory-perception-is-so/1385545429917512/,alexandrebreysse.gin@gmail.com
spiritual coaches and healers,52 Lives,https://www.facebook.com/story.php?story_fbid=1061135929387209&id=100064724347015,EdwinRutsch@gmail.com
spiritual coaches and healers,Friend: What exactly is an Awakening Coach? Me,https://www.facebook.com/AwakenwithGigiAzmy/posts/friend-what-exactly-is-an-awakening-coachme-an-awakening-coach-is-something-i-co/10213941492713184/,luminessa2013@gmail.com
spiritual coaches and healers,Collaborators needed for Brussels event on March 28,https://www.facebook.com/groups/575617573427882/posts/1682255219430773/,asecounseling@gmail.com
productivity influencers launching systems,Top 30 Productivity Influencers in 2026,https://influencers.feedspot.com/productivity_instagram_influencers/,anuj@feedspot.com
productivity influencers launching systems,Calling all content creators 40+ in the NY / NJ / Philadelphia ...,https://www.instagram.com/reel/DV8iAA0jlqi/,evolvecreatormgmt@gmail.com
language teachers building online academies,Barbara Carlson - English and German Teacher,https://www.linkedin.com/in/barbarabcarlson,barbara2.carlson@gmail.com
language teachers building online academies,Stacey's Online Tutoring Services stacehaley@gmail.com,https://ca.linkedin.com/in/stacey-haley-b1916b96,stacehaley@gmail.com
language teachers building online academies,"Academic Tutors USA on Instagram: "" Arizona parents! Unlock ...",https://www.instagram.com/reel/DVpgKxNjHek/,academicgrowth123@gmail.com
language teachers building online academies,ONLINE ENGLISH TEACHERS WHO FREELANCE,https://www.facebook.com/groups/onlineteachersclub2025/,Amanda.englishcoach@gmail.com
language teachers building online academies,Contact us at 9962544474 / 9962544484 or educorptech ...,https://www.instagram.com/reel/DV3XdGHEb64/,educorptech@gmail.com
language teachers building online academies,Private tutoring for students of all ages,https://www.facebook.com/groups/losaltosschoolscommunity/posts/25007767818811349/,SharpenYourWriting@gmail.com
coding educators,🚀 We're Hiring: AI & Coding Educators! Are you passionate ...,https://www.instagram.com/p/DUtDyrzjan2/,aiandyou2025@gmail.com
coding educators,Coding. Confidence. Community. 💻✨ Girls Who ...,https://www.instagram.com/p/DVSLxs4jcei/,growinggirlsintotech48@gmail.com
coding educators,What an unforgettable two days at Letran! From August ...,https://www.instagram.com/p/DNfhSnKO29p/,jamesacsayan.timedoor@gmail.com
coding educators,"Robert Greene Sanjivani International School, ...",https://www.instagram.com/p/DSUfvYeDage/?img_index=2,newzenithschool@gmail.com
coding educators,Behind every MindChamp success story is a powerhouse ...,https://www.instagram.com/reel/DSIPhpAjOZz/,1zaidshaikh234@gmail.com
coding educators,BILMP Education (@bilmpeducation),https://www.instagram.com/bilmpeducation/,bilmpeducation@gmail.com
coding educators,Websites which will teach you for free..! @rengatechnologies ...,https://www.instagram.com/reel/DKn_Fy-MabN/?hl=ar,samnilvi143@gmail.com
coding educators,Deepak Kumar - SDE-1 @ Ola Krutrim | Backend Engineer,https://in.linkedin.com/in/deepakk03,deepak.singh.tech48@gmail.com
coding educators,Certitude Health Coding Educators | Charleston SC,https://www.facebook.com/certitudehealth/,certitudehealth@gmail.com
coding educators,Hi Teachers! I'm reaching out to see if any of you are ...,https://www.facebook.com/groups/255521152429797/posts/951889532792952/,vsscoding@gmail.com
coding educators,Medical coding class introduction,https://www.facebook.com/groups/368427913735844/posts/1973969253181694/,kemp.janet.l@gmail.com
coding educators,CPMA Course Starts April! Want a teacher who does ...,https://www.facebook.com/groups/368427913735844/posts/2034349930476959/,codeologyllc@gmail.com
coding educators,As a new coder you have a world of options for career ...,https://www.facebook.com/groups/368427913735844/posts/1809738482938106/,Midtown.Chapter.OK.AAPC@gmail.com
coding educators,Become a certified professional coder in 2026,https://www.facebook.com/groups/chroniclesmedicalcoding/posts/2579520229099026/,bonitaw2791@gmail.com
coding educators,Medical Coding Educators | Rome GA,https://www.facebook.com/MedicalCodingEducators/,medical.coders.edu2@gmail.com
coding educators,Laura Dobos (@dobos_laura) / Posts / X,https://twitter.com/dobos_laura?lang=es,uoitsteam3D@gmail.com
coding educators,Certitude Health Coding Educators registration is now open for ...,https://www.instagram.com/p/CK9bAZvpMhF/,certitudehealth@gmail.com
coding educators,CEU Class Today with Medical Coding by Jen,https://www.facebook.com/groups/614241200607972/posts/1301095831922502/,cohenscodingcinsultingllc@gmail.com
coding educators,Regular Meeting June 12,https://campussuite-storage.s3.amazonaws.com/prod/1559213/b89dfeca-f856-11ee-b0a8-025ee24b5243/2803467/01fad8ce-2514-11ef-a380-0affca930849/file/2024-06-12%20Meeting%20Book%20-%20FY2024%20-%20Ventana.pdf,ewhite@votehillsborough.gov
coding educators,"Hello, my name is Hope Garrett and I am the Owner/CEO ...",https://www.facebook.com/groups/melanatedmoneymondays/posts/728664537948707/,davidburnbauermedicalcoder@gmail.com
coding educators,VEJ February 2014 by Edovation,https://issuu.com/edovation/docs/vej_february_2014_2_10_14,kae.novak@frontrange.edu
design educators,As we look into the upcoming school year and welcome ...,https://www.instagram.com/p/DLkVePsNK0Q/,iadclub.fiu@gmail.com
design educators,𝘁𝗵𝗲 𝘃𝗲𝗿𝘆 𝗽𝗼𝘀𝗶𝘁𝗶𝗼𝗻 𝗜 𝗵𝗮𝗱 𝗵𝗲𝗹𝗱 𝗽𝗿𝗶𝗼𝗿 𝘁𝗼 ...,https://www.instagram.com/p/DKCPvDnu097/,claralarsen.design@gmail.com
design educators,𝗔 𝗖𝗼𝗹𝗹𝗲𝗰𝘁𝗶𝘃𝗲 𝗧𝗼𝗼𝗹𝗸𝗶𝘁 𝗳𝗼𝗿 𝗗𝗲𝘀𝗶𝗴𝗻 𝗙𝘂𝘁𝘂𝗿𝗲𝘀 ...,https://www.instagram.com/p/DWGyAzYkSU8/,idsa.atucd@gmail.com
design educators,We just published a new piece by design educator Dina ...,https://www.instagram.com/p/DWz2l_qjBSr/,hello@wearestories.co.in
design educators,CALL FOR APPLICATIONS 📣 ⁠ ⁠,https://www.instagram.com/p/DVvynAmklL0/,assoccla2.pupfjpia2526@gmail.com
design educators,"Rhea Rawat - Design Educator, Visiting Faculty, Jury ...",https://in.linkedin.com/in/rhearawat,rawatrhea@gmail.com
design educators,Paulino Figueirido - Multidisciplinary Graphic Designer,https://www.linkedin.com/in/paulino248,itspaulino@gmail.com
design educators,"Himani Manral - Visual Merchandising designer,Product ...",https://in.linkedin.com/in/himani-manral-450b0221a,manral.hm@gmail.com
design educators,Abhijeet Sarkar - Industrial Designer | Toy designer,https://in.linkedin.com/in/abhijeet-sarkar-485536120,Ajabhijeet62@gmail.com
design educators,Hello! My name is Alyssa Klemmtz and I'm a graduate ...,https://www.facebook.com/groups/playbasedart/posts/2954062528173094/,aklemmtz.thesis@gmail.com
design educators,𝗧𝗵𝗲 𝗗𝗲𝗿𝗲𝗲 𝗚𝗿𝗮𝗽𝗵𝗶𝗰 𝗗𝗲𝘀𝗶𝗴𝗻 𝗣𝗿𝗼𝗴𝗿𝗮𝗺 𝗧𝘂𝗿𝗻𝘀 ...,https://www.facebook.com/DereeTheAmericanCollegeOfGreece/posts/%F0%9D%97%A7%F0%9D%97%B5%F0%9D%97%B2-%F0%9D%97%97%F0%9D%97%B2%F0%9D%97%BF%F0%9D%97%B2%F0%9D%97%B2-%F0%9D%97%9A%F0%9D%97%BF%F0%9D%97%AE%F0%9D%97%BD%F0%9D%97%B5%F0%9D%97%B6%F0%9D%97%B0-%F0%9D%97%97%F0%9D%97%B2%F0%9D%98%80%F0%9D%97%B6%F0%9D%97%B4%F0%9D%97%BB-%F0%9D%97%A3%F0%9D%97%BF%F0%9D%97%BC%F0%9D%97%B4%F0%9D%97%BF%F0%9D%97%AE%F0%9D%97%BA-%F0%9D%97%A7%F0%9D%98%82%F0%9D%97%BF%F0%9D%97%BB%F0%9D%98%80-%F0%9D%9F%AD%F0%9D%9F%AC-join-us-as-we-reflect-on-the-past-pres/1266166062219702/,csufgdclub@gmail.com
design educators,Pamela Seki (@PsekiSeki) / Posts / X,https://twitter.com/PsekiSeki/with_replies,seki.pamela@gmail.com
design educators,Carlos Terminel,https://www.carlosterminel.com/,carlostermineldesign@gmail.com
design educators,FCS Interior Design Educators,https://www.facebook.com/groups/2110231638989692/,sarahfinkelstein55@gmail.com
design educators,Info,https://karunagangwani.com/Info,kdgangwani@gmail.com
design educators,Dr. Tu-Uyen Nguyen (associate professor and chair of Asian ...,https://www.instagram.com/reel/DRy6mVGEV62/,ptwankoe22@gmail.com
design educators,"Kimberly Aaronson - SNHU, Online Professor-Graphic ...",https://www.linkedin.com/in/kimberly-aaronson,kimbaa2012@gmail.com
design educators,The Chatt Tech Interiors Program recently hosted its third ...,https://www.instagram.com/p/DQ9zNm2juXr/,ptwankoe22@gmail.com
design educators,Interior Design Portfolio by Diana Gutierrez,https://issuu.com/dianaggutierrez/docs/portfolio_5.2.24,dianagutierrez0301@gmail.com
video editing educators,🚀 We're Hiring – Video Editing Instructor 🎬 Are you ...,https://www.instagram.com/p/DUkqbV_ExiX/,aestechinfosys@gmail.com
video editing educators,Educators. Film Educators. Filmmakers and Film Teachers. ...,https://www.instagram.com/p/DW7D7TXiNOq/,hdfilmacademy@gmail.com
video editing educators,Mohit Jain - Freelance Video Editor. I edit stunning ...,https://in.linkedin.com/in/mohitedits,mohitjain2329@gmail.com
video editing educators,Brandon Aguilar - Freelance Video Editor,https://www.linkedin.com/in/brandonjaguilar1,snowizawesome@gmail.com
video editing educators,Self-introduction Video Editing Services Reviews😍 These ...,https://www.facebook.com/61580659157677/posts/self-introduction-video-editing-services-reviewsthese-are-some-of-the-messages-i/122117142549021971/,editingstudio032317@gmail.com
video editing educators,More detailed and attractive! If you need help creating your ...,https://www.facebook.com/groups/teflblog/posts/26749417578008582/,ttoom6869@gmail.com
video editing educators,We are hiring video editors ✌🏻 Those who are interested in ...,https://www.instagram.com/p/DXgZzTmk6bj/,bcc.nagercoil@gmail.com
video editing educators,Birthday video editing $150-$200 : r/VideoEditor_forhire,https://www.reddit.com/r/VideoEditor_forhire/comments/1bxrmdx/birthday_video_editing_150200/,wishz0987@gmail.com
video editing educators,We are hiring video editors Those who are interested in ...,https://www.instagram.com/reel/DXbRRHak97z/,bustergraphic2190@gmail.com
thought leaders packaging intellectual property,"Barry Morris, PhD - Flexible Packaging & Polymer Science",https://www.linkedin.com/in/barry-morris-phd,barrym1028@gmail.com
authors turning books into programs,Cynthia Gould - Author at Self Employed,https://ca.linkedin.com/in/cynthia-gould,cynthia.gould@gmail.com
podcasters monetizing audience,💰 Ready to turn your podcast into a paycheck? @Rory ...,https://www.instagram.com/p/DVzqO27DPKw/,Rorypaquette@gmail.com
podcasters monetizing audience,"Oh look, it's another fake podcast invite. This one sent from ...",https://www.facebook.com/TessGerritsen/posts/oh-look-its-another-fake-podcast-invite-this-one-sent-from-matthewhusseypodcasti/1274788600669847/,matthewhusseypodcastinvite@gmail.com
webinar marketers,Syed Kamran Iqbal - Blasting Painting Foreman,https://si.linkedin.com/in/syed-kamran-iqbal-59824515a,syedkamranjsr01@gmail.com
webinar marketers,Want to sponsor AI Marketing World? The best ...,https://www.facebook.com/Owwstin/posts/want-to-sponsor-ai-marketing-world-the-best-ai-conference-in-the-countrywere-loo/10160600874676256/,aimarketingconf@gmail.com
webinar marketers,Library Marketing Success: Share Your Expertise,https://www.facebook.com/groups/LMCC.Discussion.Group/posts/851684871682908/,candicegoliver@gmail.com
webinar marketers,Performance Marketing Strategies and Experiences,https://www.facebook.com/groups/freedigitalsolutions/posts/1348918816156591/,gwithiqbal@gmail.com
webinar marketers,"Annual convention for process servers on April 10 | Lake Mary, FL",https://www.facebook.com/groups/219017525098192/posts/2778885309111388/,ncffaalumniassoc@gmail.com
webinar marketers,Joy Akatukunda 💫 - Social Media Marketing,https://twitter.com/akatukunda_,joyakatukunda1810@gmail.com
high ticket mastermind creators,Our Mastermind Speaker Series has been a hit this ...,https://www.instagram.com/p/DMQX98bx4j1/,bwisest@gmail.com
high ticket mastermind creators,Stephen Reynolds - High Ticket Sales Pro - Training - Coaching,https://www.linkedin.com/in/stephenreynolds777,srs.seminar@gmail.com
membership site builders,Does anyone here just run a membership programme as ...,https://www.facebook.com/groups/251145835476950/posts/1579899939268193/,workwithtaynessiaberry@gmail.com
membership site builders,"Hello, Can anyone here recommend people/companies",https://www.facebook.com/groups/wixcommunityhelp/posts/1342419846663717/,rbeach63@gmail.com
membership site builders,Membership,https://www.facebook.com/groups/sacramentalnazarenes/posts/10173984474580285/,netawilliamson@gmail.com
membership site builders,Non Racing Topic.. Need a little help with a website platform I am ...,https://www.facebook.com/92InfieldJen/posts/non-racing-topic-need-a-little-help-with-a-website-platform-i-am-working-on-does/3812078325575385/,info.allasaink@gmail.com
membership site builders,Quick note from today. Built a test business site. Used MeDo. ...,https://www.facebook.com/groups/914753390854949/posts/1224785093185109/,meetliberia@gmail.com
knowledge entrepreneurs in emerging markets,Ankur Warikoo - Founder @WebVeda ...,https://in.linkedin.com/in/warikoo,warikoo@gmail.com
knowledge entrepreneurs in emerging markets,UMass Amherst PhD Program Virtual Open Houses,https://ent.aom.org/discussion/umass-amherst-phd-program-virtual-open-houses-31,umassamherstmgmtphd@gmail.com
remote business consultants,We're Hiring: Remote Recruitment Consultant We ... - Instagram,https://www.instagram.com/p/DP3UgblDvg4/,highthriveva@gmail.com
remote business consultants,Now Hiring: Business Coach Consultants | Dawgen Global ...,https://www.instagram.com/p/DXD2HjQjRFW/,caribcore.bb@gmail.com
remote business consultants,+1(833) 634-8973 Hire Remote Research and Analysis ...,https://www.instagram.com/p/DYGDLyzEwIR/,info@esoconsultants.com
remote business consultants,Kingdom Wealth Consultants - kingdomwealthconsultants ...,https://www.linkedin.com/in/kingdom-wealth-consultants-a22ab9395,kingdomwealthconsultants@gmail.com
remote business consultants,Roberta Sweeper - Systems Analyst | Business Operations,https://www.linkedin.com/in/robertasweeper,r.sweeper@gmail.com
remote business consultants,"""DOCUMENT MANAGEMENT CONSULTANTS LIMITED""",https://twitter.com/search?q=DOCUMENT+MANAGEMENT+CONSULTANTS+LIMITED,Revampcv4@gmail.com
fractional cmos productizing frameworks,Hire a Marketing Consultant - Meet Cody.,https://www.codygutierrez.com/blog/hire-a-marketing-consultant,CodyGutierrez2255@gmail.com
elearning startup founders,Lokesh Bagora - Founder (Online Learning) Infosys ...,https://in.linkedin.com/in/lokeshbagora,onlinelearning626@gmail.com
elearning startup founders,Skillcertpro Elearning Email & Phone Number,https://contactout.com/skillcertpro-elearning-51207,g@gmail.com
startup incubator mentors,Vilislav Slavev - Ask me about mentorship ...,https://bg.linkedin.com/in/vilislav-slavev-entrepreneurship,slavevv@gmail.com
startup incubator mentors,Dara Miao - USC Marshall Merit Scholar,https://www.linkedin.com/in/dara-miao,daramiao19@gmail.com
startup incubator mentors,THG Accelerator (@THGAccelerator) / Posts / X,https://mobile.twitter.com/thgaccelerator?lang=ar-x-fm,thgaccelerator@gmail.com
startup incubator mentors,AIC IIT Delhi Sonipat Innovation Foundation,https://twitter.com/aiciitd?lang=ar,info.aiciitdelhi@gmail.com
startup incubator mentors,Mentors and Startup Support Organizations,https://cnybac.com/resources-2/mentor-network/,cnybac@upstate.edu
startup incubator mentors,VMT Chapters,https://www.thevmt.org/vmt-chapters/,4mszelenyi@gmail.com
startup incubator mentors,EdTech Mentorship for Latin America Startups,https://www.linkedin.com/posts/ferval_edtech-startups-education-activity-7434568284395651073-nWyX,genaiyt28@gmail.com
personal development influencers,"Let me know in the comments, whom would you like to ...",https://www.facebook.com/snehworld/posts/let-me-know-in-the-comments-whom-would-you-like-to-meetsnehdesai-lifecoach-book-/778089243683787/,teresa.pimenta.coaching@gmail.com
personal development influencers,Peak Performance Academy (FREE Facebook Group),https://www.facebook.com/groups/peakperfomanceacademy/,eqmasterycoach@gmail.com
personal development influencers,a Program to Teach Hip Hop Education And Activism ...,https://www.facebook.com/groups/338391949998215/posts/920481248455946/,wmajors61@gmail.com
personal development influencers,Zen Touch - Le SOMMET du Développement Personnel,https://www.facebook.com/groups/sommetdevperso/,coachingupalight@gmail.com
personal development influencers,Internal Rhyme (@Internal_Rhyme) / Posts / X,https://twitter.com/Internal_Rhyme?ref_src=twsrc%5Etfw,InternalRhymeMusic@gmail.com
ai educators teaching automation,Kit A. - Instructor to Software Engineer,https://www.linkedin.com/in/kit-amreik/,kitdamreik@gmail.com
